Cohort,Gene,Canonical_Acc,Isoform_Acc,Sequence_Length,Peak_AIUPred_Binding_Score,AF_Disorder_Fraction_pLDDT50
Dimer Gain (Unmasking),FAM3B,P58499,P58499-3,187,0.8045519097109661,0.00425531914893617
Dimer Gain (Unmasking),ACOT12,Q8WYK0,Q8WYK0-2,167,0.7990172313934355,0.023423423423423424
Dimer Gain (Unmasking),CSHL1,Q14406,Q14406-4,128,0.19663992501854458,0.08108108108108109
Dimer Gain (Unmasking),PCTP,Q9UKL6,Q9UKL6-2,142,0.13263742845898657,0.014018691588785047
Dimer Gain (Unmasking),CYB5RL,Q6IPT4,Q6IPT4-3,167,0.07050017437811085,0.0380952380952381
Dimer Gain (Unmasking),HLA-G,P17693,P17693-7,116,0.9631654799265927,0.07100591715976332
Dimer Gain (Unmasking),ABHD17A,Q96GS6,Q96GS6-3,236,0.7284834860241584,0.05806451612903226
Dimer Gain (Unmasking),CSHL1,Q14406,Q14406-3,139,0.7690412643849018,0.08108108108108109
Dimer Gain (Unmasking),DCAF17,Q5H9S7,Q5H9S7-2,240,0.1121293931678023,0.046153846153846156
Dimer Gain (Unmasking),COPZ1,P61923,P61923-3,154,0.20168071992591596,0.03389830508474576
Dimer Gain (Unmasking),DNAJC27,Q9NZQ0,Q9NZQ0-3,177,0.6294955502903719,0.029304029304029304
Dimer Gain (Unmasking),OGG1,O15527,O15527-6,195,0.8182404297245178,0.06666666666666667
Dimer Gain (Unmasking),SLC22A7,Q9Y694,Q9Y694-4,241,0.6638947578600399,0.05656934306569343
Dimer Gain (Unmasking),THAP4,Q8WY91,Q8WY91-2,165,0.889403678509737,0.42634315424610053
Dimer Gain (Unmasking),TRAF3IP2,O43734,O43734-4,109,0.29799009331324755,0.6167247386759582
Dimer Gain (Unmasking),ANKH,Q9HCJ1,Q9HCJ1-2,294,0.94502786770925,0.06300813008130081
Dimer Gain (Unmasking),PDCD2,Q16342,Q16342-4,228,0.5032224408022844,0.07267441860465117
Dimer Gain (Unmasking),CAPN10,Q9HC96,Q9HC96-5,444,0.9584413160056301,0.13095238095238096
Dimer Gain (Unmasking),SLC66A1,Q6ZP29,Q6ZP29-2,180,0.1730625643999888,0.07560137457044673
Dimer Gain (Unmasking),AJUBA,Q96IF1,Q96IF1-2,121,0.22222665704683967,0.5427509293680297
Dimer Gain (Unmasking),MRPL21,Q7Z2W9,Q7Z2W9-2,120,0.17938988299241299,0.14634146341463414
Dimer Gain (Unmasking),AKR1C8,Q5T2L2,Q5T2L2-3,129,0.6986441243786622,0.018404907975460124
Dimer Gain (Unmasking),MAGT1,Q9H0U3,Q9H0U3-2,134,0.7403095195472679,0.0
Dimer Gain (Unmasking),EPHB4,P54760,P54760-4,414,0.8166710547334662,0.10131712259371833
Dimer Gain (Unmasking),EPHA7,Q15375,Q15375-3,279,0.29083701955898783,0.11222444889779559
Dimer Gain (Unmasking),LETMD1,Q6P1Q0,Q6P1Q0-5,100,0.15406433516864504,0.1361111111111111
Dimer Gain (Unmasking),EPHA10,Q5JZY3,Q5JZY3-2,295,0.4558327871700807,0.12797619047619047
Dimer Gain (Unmasking),IL11,P20809,P20809-2,120,0.6753173284816101,0.020100502512562814
Dimer Gain (Unmasking),ZDHHC13,Q8IUH4,Q8IUH4-3,492,0.0873117711702156,0.07717041800643087
Dimer Gain (Unmasking),ARL9,Q6T311,Q6T311-2,123,0.16528640926313531,0.058823529411764705
Dimer Gain (Unmasking),TRIB1,Q96RU8,Q96RU8-2,206,0.8340532508036125,0.2661290322580645
Dimer Gain (Unmasking),MTRF1L,Q9UGC7,Q9UGC7-2,271,1.0,0.08947368421052632
Dimer Gain (Unmasking),CHIA,Q9BZP6,Q9BZP6-3,315,0.7475699068775058,0.07352941176470588
Dimer Gain (Unmasking),NGLY1,Q96IV0,Q96IV0-4,131,0.1935945344051312,0.11926605504587157
Dimer Gain (Unmasking),CAPN10,Q9HC96,Q9HC96-4,513,0.9584413160056301,0.13095238095238096
Dimer Gain (Unmasking),ACSM1,Q08AH1,Q08AH1-2,204,0.14310270518507173,0.06239168110918544
Dimer Gain (Unmasking),PTCHD1,Q96NR3,Q96NR3-2,783,0.6182102240079616,0.059684684684684686
Dimer Gain (Unmasking),EPHA7,Q15375,Q15375-5,449,0.7774070568478598,0.11222444889779559
Dimer Gain (Unmasking),EI24,O14681,O14681-3,326,0.5880922773519461,0.052941176470588235
Dimer Gain (Unmasking),SLC17A5,Q9NRA2,Q9NRA2-2,277,0.9655387364402729,0.08484848484848485
Dimer Gain (Unmasking),SIAE,Q9HAT2,Q9HAT2-2,488,0.6979537375047007,0.06118546845124283
Dimer Gain (Unmasking),MYSM1,Q5VVJ2,Q5VVJ2-3,234,0.4213526813428632,0.4082125603864734
Dimer Gain (Unmasking),EPHB4,P54760,P54760-2,516,0.7910290050093967,0.10131712259371833
Dimer Gain (Unmasking),EPHA2,P29317,P29317-2,497,0.977010506076597,0.09118852459016394
Dimer Gain (Unmasking),HAAO,P46952,P46952-2,147,0.22702360401259467,0.0
Dimer Gain (Unmasking),METTL8,Q9H825,Q9H825-2,241,0.998857760149381,0.3230240549828179
Dimer Gain (Unmasking),MMP2,P08253,P08253-2,584,0.8227279659196197,0.05606060606060606
Dimer Gain (Unmasking),PGR,P06401,P06401-3,339,0.22972503396126107,0.6312968917470525
Dimer Gain (Unmasking),RTKN2,Q8IZC4,Q8IZC4-3,163,0.5729495228436003,0.3218390804597701
Dimer Gain (Unmasking),SPDYE3,A6NKU9,A6NKU9-2,172,0.4326435540246316,0.6775956284153005
Dimer Gain (Unmasking),TRAPPC10,P48553,P48553-2,276,0.5844898802265525,0.1096108022239873
Dimer Gain (Unmasking),DNAL1,Q4LDG9,Q4LDG9-3,151,0.49238960001849386,0.02631578947368421
Dimer Gain (Unmasking),NSUN5P2,Q63ZY6,Q63ZY6-4,117,0.9070103337896809,0.2126984126984127
Dimer Gain (Unmasking),STOX1,Q6ZVD7,Q6ZVD7-2,227,0.47647773763084894,0.7077856420626896
Dimer Gain (Unmasking),OSBPL1A,Q9BXW6,Q9BXW6-2,437,0.9434023983543499,0.11578947368421053
Dimer Gain (Unmasking),VPS54,Q9P1Q0,Q9P1Q0-5,139,0.1943140517084866,0.1862845445240532
Dimer Gain (Unmasking),TSSK4,Q6SA08,Q6SA08-3,252,0.36403171562807685,0.09146341463414634
Dimer Gain (Unmasking),LRRFIP2,Q9Y608,Q9Y608-3,100,0.8620901101168612,0.4119278779472954
Dimer Gain (Unmasking),RGS4,P49798,P49798-5,187,0.8571011540348755,0.1902439024390244
Dimer Gain (Unmasking),SKA3,Q8IX90,Q8IX90-2,35,0.8423903409727159,0.4029126213592233
Dimer Gain (Unmasking),CFAP251,Q8TBY9,Q8TBY9-2,941,0.9085009425953459,0.21671018276762402
Dimer Gain (Unmasking),PDE8B,O95263,O95263-5,350,0.24184171128787252,0.2711864406779661
Dimer Gain (Unmasking),MYNN,Q9NPC7,Q9NPC7-4,91,0.24218059026321975,0.3819672131147541
Dimer Gain (Unmasking),RNF212,Q495C1,Q495C1-2,123,0.6045994288852741,0.48484848484848486
Dimer Gain (Unmasking),NPEPPSL1,A6NEC2,A6NEC2-3,163,0.5791175534941901,0.09623430962343096
Dimer Gain (Unmasking),ALCAM,Q13740,Q13740-3,133,0.21259171373619157,0.11149228130360206
Dimer Gain (Unmasking),AK5,Q9Y6K8,Q9Y6K8-2,197,0.1532479086288072,0.18505338078291814
Dimer Gain (Unmasking),MASP1,P48740,P48740-3,380,0.5023056584271378,0.027181688125894134
Dimer Gain (Unmasking),CCDC150,Q8NCX0,Q8NCX0-4,168,0.9453424031979555,0.16076294277929154
Dimer Gain (Unmasking),CBR4,Q8N4T8,Q8N4T8-2,179,0.2690205718834239,0.0
Dimer Gain (Unmasking),PIBF1,Q8WXW3,Q8WXW3-3,103,0.8796299676440195,0.142668428005284
Dimer Gain (Unmasking),ACOT7,O00154,O00154-4,338,0.9660562081833692,0.14736842105263157
Dimer Gain (Unmasking),BACE2,Q9Y5Z0,Q9Y5Z0-4,439,0.9793738229607469,0.1891891891891892
Dimer Gain (Unmasking),CFLAR,O15519,O15519-4,235,0.12965900771310027,0.19166666666666668
Dimer Gain (Unmasking),SLC14A2,Q15849,Q15849-2,397,0.5360572776186018,0.1956521739130435
Dimer Gain (Unmasking),SRGAP3,O43295,O43295-3,487,0.895532299174744,0.3303002729754322
Dimer Gain (Unmasking),GFER,P55789,P55789-2,125,0.7021431299939863,0.24878048780487805
Dimer Gain (Unmasking),PDGFC,Q9NRA1,Q9NRA1-4,182,0.20056860231614596,0.2144927536231884
Dimer Gain (Unmasking),NPAS4,Q8IUM7,Q8IUM7-3,234,0.7640798789420221,0.5586034912718204
Dimer Gain (Unmasking),FH,P07954,P07954-2,467,0.672138729621067,0.09019607843137255
Dimer Gain (Unmasking),NLRP12,P59046,P59046-4,891,0.8981117061866012,0.10650329877474081
Dimer Gain (Unmasking),CEP70,Q8NHQ1,Q8NHQ1-3,212,0.8784778182838506,0.10887772194304858
Dimer Gain (Unmasking),CTSL,P07711,P07711-3,278,0.8718429864864414,0.03303303303303303
Dimer Gain (Unmasking),SEMA6D,Q8NFY4,Q8NFY4-7,476,0.6216346888561565,0.4296365330848089
Dimer Gain (Unmasking),SEMA6D,Q8NFY4,Q8NFY4-8,597,0.830639822816816,0.4296365330848089
Dimer Gain (Unmasking),NFIB,O00712,O00712-2,188,0.5864697597658156,0.4380952380952381
Dimer Gain (Unmasking),ARMC3,Q5W041,Q5W041-5,397,0.7597826307151665,0.13188073394495411
Dimer Gain (Unmasking),PECR,Q9BY49,Q9BY49-2,157,0.6455586714644614,0.009900990099009901
Dimer Gain (Unmasking),EFCC1,Q9HA90,Q9HA90-2,161,0.3752864614139177,0.29264214046822745
Dimer Gain (Unmasking),CDYL,Q9Y232,Q9Y232-3,309,0.9586649985472628,0.44648829431438125
Dimer Gain (Unmasking),TBC1D22A,Q8WUA7,Q8WUA7-4,470,0.9919650444486197,0.30174081237911027
Dimer Gain (Unmasking),GRIA4,P48058,P48058-2,433,0.17793542689987007,0.08869179600886919
Dimer Gain (Unmasking),RAB3IP,Q96QF0,Q96QF0-8,254,0.9928661084399201,0.3697478991596639
Dimer Gain (Unmasking),SEPTIN9,Q9UHD8,Q9UHD8-4,335,0.7018636392293528,0.4709897610921502
Dimer Gain (Unmasking),NR2F2,P24468,P24468-3,261,0.15464097997897924,0.2536231884057971
Dimer Gain (Unmasking),SPATC1L,Q9H0A9,Q9H0A9-2,186,0.5240521220747917,0.37058823529411766
Dimer Gain (Unmasking),INTS3,Q68E01,Q68E01-4,555,0.9563955767392724,0.16203259827420902
Dimer Gain (Unmasking),GCDH,Q92947,Q92947-2,428,0.4584004903757379,0.091324200913242
Dimer Gain (Unmasking),PML,P29590,P29590-10,435,0.9760902340739446,0.3299319727891156
Dimer Gain (Unmasking),PML,P29590,P29590-14,423,1.0,0.3299319727891156
Dimer Gain (Unmasking),ALLC,Q8N6M5,Q8N6M5-2,162,0.6340378469595577,0.04603580562659847
Dimer Gain (Unmasking),ZNF24,P17028,P17028-2,193,0.9197396687964525,0.3532608695652174
Dimer Gain (Unmasking),TRIP10,Q15642,Q15642-5,341,0.9901980795190573,0.2512479201331115
Dimer Gain (Unmasking),CASP5,P51878,P51878-3,292,0.662674877024447,0.3087557603686636
Dimer Gain (Unmasking),SCARF1,Q14162,Q14162-4,337,0.37694602671013916,0.4602409638554217
Dimer Gain (Unmasking),SCARF1,Q14162,Q14162-5,342,0.7304928574338537,0.4602409638554217
Dimer Gain (Unmasking),PDE9A,O76083,O76083-7,386,0.9067851904235946,0.15177065767284992
Dimer Gain (Unmasking),VEGFA,P15692-1,P15692-10,137,0.2893891124344732,0.44050632911392407
Dimer Gain (Unmasking),MFN1,Q8IWA4,Q8IWA4-2,370,0.6161214603451701,0.0728744939271255
Dimer Gain (Unmasking),NOS3,P29474,P29474-3,614,0.9927213771070733,0.1255195344970906
Dimer Gain (Unmasking),TBC1D2,Q9BYX2,Q9BYX2-6,468,0.6520285871662954,0.19504310344827586
Dimer Gain (Unmasking),TFAP2C,Q92754,Q92754-2,281,0.9251519046472994,0.45111111111111113
Dimer Gain (Unmasking),MASP2,O00187,O00187-2,185,0.5526063348021398,0.03644314868804665
Dimer Gain (Unmasking),VEGFA,P15692-1,P15692-9,147,0.6011207736932251,0.44050632911392407
Dimer Gain (Unmasking),MCTP1,Q6DN14,Q6DN14-5,515,0.5578974900447843,0.3763763763763764
Dimer Gain (Unmasking),UPRT,Q96BW1,Q96BW1-3,167,0.3129365164726008,0.313915857605178
Dimer Gain (Unmasking),UMPS,P11172,P11172-2,302,0.5129412771678996,0.035416666666666666
Dimer Gain (Unmasking),RIOX1,Q9H6W3,Q9H6W3-2,429,0.28222064301160443,0.2792511700468019
Dimer Gain (Unmasking),NCAM1,P13591-1,P13591-6,364,0.8545939943605719,0.16783216783216784
Dimer Gain (Unmasking),PIP4K2B,P78356,P78356-2,281,0.7795874501256963,0.14423076923076922
Dimer Gain (Unmasking),ASNS,P08243,P08243-2,540,0.2676998339281693,0.008912655971479501
Dimer Gain (Unmasking),WEE1,P30291,P30291-2,432,0.9690961169404961,0.47058823529411764
Dimer Gain (Unmasking),TERF2,Q15554,Q15554-4,293,0.9500125381326885,0.4114391143911439
Dimer Gain (Unmasking),P3H1,Q32P28,Q32P28-2,363,0.3227723349628838,0.07065217391304347
Dimer Gain (Unmasking),REEP3,Q6NUK4,Q6NUK4-2,146,0.1941244306851275,0.34509803921568627
Dimer Gain (Unmasking),MTX1,Q13505,Q13505-3,317,0.6717797928175415,0.3798283261802575
Dimer Gain (Unmasking),NRL,P54845,P54845-2,98,0.9822334737394177,0.23628691983122363
Dimer Gain (Unmasking),RNF212,Q495C1,Q495C1-3,192,0.9899474631630606,0.48484848484848486
Dimer Gain (Unmasking),GRIK2,Q13002,Q13002-3,584,0.20429862256356413,0.0473568281938326
Dimer Gain (Unmasking),CDCP1,Q9H5V8,Q9H5V8-3,343,0.6045794721745552,0.19258373205741627
Dimer Gain (Unmasking),PRDX5,P30044,P30044-2,162,0.24792376629448837,0.2102803738317757
Dimer Gain (Unmasking),PANK2,Q9BZ23,Q9BZ23-2,279,0.1256702731084897,0.3543859649122807
Dimer Gain (Unmasking),PCSK6,P29122,P29122-5,623,1.0,0.14654282765737875
Dimer Gain (Unmasking),HLF,Q16534,Q16534-2,210,0.9939681164567272,0.2711864406779661
Dimer Gain (Unmasking),ZC4H2,Q9NQZ6,Q9NQZ6-2,133,0.7227254629402243,0.07589285714285714
Dimer Gain (Unmasking),TIGIT,Q495A1,Q495A1-2,170,0.701991972324946,0.21721311475409835
Dimer Gain (Unmasking),MAX,P61244,P61244-3,103,0.9836802986922082,0.025
Dimer Gain (Unmasking),DIABLO,Q9NR28,Q9NR28-2,186,0.9169665422775929,0.11297071129707113
Dimer Gain (Unmasking),TMC5,Q6UXY8,Q6UXY8-4,647,0.7754264974551482,0.3757455268389662
Dimer Gain (Unmasking),TLK1,Q9UKI8,Q9UKI8-3,549,0.9477478322700734,0.3433420365535248
Dimer Gain (Unmasking),RSBN1L,Q6PCB5,Q6PCB5-2,576,0.9131301486312787,0.5307328605200946
Dimer Gain (Unmasking),CHEK2,O96017,O96017-13,322,1.0,0.23941068139963168
Dimer Gain (Unmasking),PCSK6,P29122,P29122-4,652,1.0,0.14654282765737875
Dimer Gain (Unmasking),BTN3A1,O00481,O00481-2,352,0.496828434180296,0.001949317738791423
Dimer Gain (Unmasking),RARB,P10826,P10826-3,336,0.975416340100363,0.24395604395604395
Dimer Gain (Unmasking),GDNF,P39905,P39905-5,159,0.979060367492344,0.1943127962085308
Dimer Gain (Unmasking),TNFAIP1,Q13829,Q13829-2,212,1.0,0.17088607594936708
Dimer Gain (Unmasking),CADM1,Q9BY67,Q9BY67-2,333,0.4535512764489456,0.19457013574660634
Dimer Gain (Unmasking),NLRP3,Q96P20,Q96P20-3,719,0.6373884508940597,0.111003861003861
Dimer Gain (Unmasking),SEPTIN9,Q9UHD8,Q9UHD8-3,422,1.0,0.4709897610921502
Dimer Gain (Unmasking),ARMC3,Q5W041,Q5W041-3,688,0.9671205144539399,0.13188073394495411
Dimer Gain (Unmasking),BTBD6,Q96KE9-1,Q96KE9-2,410,0.2400986337406935,0.1970260223048327
Dimer Gain (Unmasking),ESR1,P03372,P03372-3,422,0.9263451851411029,0.4638655462184874
Dimer Gain (Unmasking),PSPC1,Q8WXF1,Q8WXF1-2,393,0.9062108261343849,0.35564053537284895
Dimer Gain (Unmasking),SCYL1,Q96KG9,Q96KG9-5,626,0.9648714387663374,0.2561881188118812
Dimer Gain (Unmasking),DRC12,Q494R4,Q494R4-2,124,0.9285952849117474,0.04285714285714286
Dimer Gain (Unmasking),MCTP2,Q6DN12,Q6DN12-3,466,0.3826295671156458,0.2949886104783599
Dimer Gain (Unmasking),B4GALNT2,Q8NHY0,Q8NHY0-3,480,0.9004788870479452,0.14840989399293286
Dimer Gain (Unmasking),CAPN3,P20807,P20807-5,156,0.186977875778796,0.1814859926918392
Dimer Gain (Unmasking),NAAA,Q02083,Q02083-2,323,0.5859660830236644,0.07520891364902507
Dimer Gain (Unmasking),DUT,P33316,P33316-2,164,0.9846435305482063,0.2619047619047619
Dimer Gain (Unmasking),CASP9,P55211,P55211-4,333,0.9655359223633408,0.17548076923076922
Dimer Gain (Unmasking),PAIP1,Q9H074,Q9H074-3,367,1.0,0.3298538622129436
Dimer Gain (Unmasking),TMC3,Q7Z5M5,Q7Z5M5-2,724,0.727249001247996,0.4218181818181818
Dimer Gain (Unmasking),NUDT6,P53370,P53370-2,147,0.5274788416268001,0.13291139240506328
Dimer Gain (Unmasking),MPZL1,O95297,O95297-3,209,0.5559016984925329,0.16356877323420074
Dimer Gain (Unmasking),BDH2,Q9BUT1,Q9BUT1-3,144,0.43789654065955647,0.0
Dimer Gain (Unmasking),TFR2,Q9UP52,Q9UP52-2,630,0.6798401180900683,0.13607990012484394
Dimer Gain (Unmasking),CASP5,P51878,P51878-6,364,0.662674877024447,0.3087557603686636
Dimer Gain (Unmasking),IRAK4,Q9NWZ3,Q9NWZ3-2,336,0.9626401511430106,0.11956521739130435
Dimer Gain (Unmasking),GET4,Q7L5D6,Q7L5D6-2,274,0.7780688812712016,0.08868501529051988
Dimer Gain (Unmasking),FLAD1,Q8NFF5,Q8NFF5-2,490,0.891184223296834,0.16524701873935263
Dimer Gain (Unmasking),KCNH5,Q8NCM2,Q8NCM2-2,611,0.7240443549642636,0.27125506072874495
Dimer Gain (Unmasking),CASP5,P51878,P51878-2,376,0.662674877024447,0.3087557603686636
Dimer Gain (Unmasking),PCSK6,P29122,P29122-3,487,1.0,0.14654282765737875
Dimer Gain (Unmasking),SYN2,Q92777,Q92777-2,478,1.0,0.3384879725085911
Dimer Gain (Unmasking),DMPK,Q09013,Q09013-10,535,0.951377001852201,0.22257551669316375
Dimer Gain (Unmasking),ANO3,Q9BYT9,Q9BYT9-2,835,0.7989231147194992,0.17737003058103976
Dimer Gain (Unmasking),SOAT1,P35610,P35610-3,485,0.20227084132485051,0.13272727272727272
Dimer Gain (Unmasking),NADK2,Q4G0N4,Q4G0N4-3,279,0.5833233807952282,0.14479638009049775
Dimer Gain (Unmasking),SPAG6,O75602,O75602-2,458,0.4012749265900509,0.0
Dimer Gain (Unmasking),NT5C1B,Q96P26,Q96P26-3,402,0.9756664960493266,0.42131147540983604
Dimer Gain (Unmasking),KCNA3,P22001,P22001-5,382,1.0,0.3408695652173913
Dimer Gain (Unmasking),KLHDC2,Q9Y2U9,Q9Y2U9-2,249,0.6726442652029516,0.07881773399014778
Dimer Gain (Unmasking),SRI,P30626,P30626-2,183,0.24825864790367624,0.13131313131313133
Dimer Gain (Unmasking),HAPSTR1,Q14CZ0,Q14CZ0-2,198,1.0,0.2290909090909091
Dimer Gain (Unmasking),RRAGD,Q9NQL2,Q9NQL2-2,249,0.6166047113637482,0.18
Dimer Gain (Unmasking),UXS1,Q8NBZ7,Q8NBZ7-3,252,0.8963662405465638,0.04285714285714286
Dimer Gain (Unmasking),PMS2,P54278,P54278-3,572,1.0,0.29930394431554525
Dimer Gain (Unmasking),GLYR1,Q49A26,Q49A26-4,484,0.9967526154608183,0.28390596745027125
Dimer Gain (Unmasking),SART3,Q15020,Q15020-2,364,1.0,0.24299065420560748
Dimer Gain (Unmasking),MTMR2,Q13614,Q13614-2,571,0.9885730146338727,0.12130637636080871
Dimer Gain (Unmasking),KLHL13,Q9P2N7,Q9P2N7-2,613,0.5864585314267219,0.11755725190839694
Dimer Gain (Unmasking),PDE9A,O76083,O76083-13,526,0.972675003184612,0.15177065767284992
Dimer Gain (Unmasking),B3GNT4,Q9C0J1,Q9C0J1-2,353,0.7820554386236775,0.07936507936507936
Dimer Gain (Unmasking),MLYCD,O95822,O95822-2,454,0.27103565105012417,0.06288032454361055
Dimer Gain (Unmasking),P3H1,Q32P28,Q32P28-4,697,0.32936070006800666,0.07065217391304347
Dimer Gain (Unmasking),AMPD3,Q01432,Q01432-6,608,0.7103387998886568,0.08735332464146023
Dimer Gain (Unmasking),PNPLA8,Q9NP80,Q9NP80-3,682,0.9756857384836377,0.40664961636828645
Dimer Gain (Unmasking),TLK1,Q9UKI8,Q9UKI8-5,718,1.0,0.3433420365535248
Dimer Gain (Unmasking),PDE9A,O76083,O76083-14,552,1.0,0.15177065767284992
Dimer Gain (Unmasking),FGF13,Q92913,Q92913-2,192,0.9415019067652298,0.17551020408163265
Dimer Gain (Unmasking),AHCY,P23526,P23526-2,404,0.26470535272027323,0.0
Dimer Gain (Unmasking),ECI2,O75521,O75521-2,359,0.634430847432886,0.12944162436548223
Dimer Gain (Unmasking),ABCG4,Q9H172,Q9H172-4,546,0.18179085859415967,0.11145510835913312
Dimer Gain (Unmasking),SEPTIN10,Q9P0V9,Q9P0V9-3,431,0.8351986962923826,0.1211453744493392
Dimer Gain (Unmasking),SCYL1,Q96KG9,Q96KG9-4,781,0.9909944202620877,0.2561881188118812
Dimer Gain (Unmasking),CARS1,P49589,P49589-2,726,0.9747388403218805,0.014705882352941176
Interface Ablation,PPM1M,Q96MI6,Q96MI6-4,247,0.514070255573465,0.11546840958605664
Interface Ablation,DPAGT1,Q9H3H5,Q9H3H5-3,301,0.046038608412623715,0.012254901960784314
Interface Ablation,RRM2B,Q7LG56,Q7LG56-5,43,0.9929015683909239,0.13675213675213677
Interface Ablation,PPCDC,Q96CD2,Q96CD2-2,127,0.11738863187273019,0.07352941176470588
Interface Ablation,HSD17B12,Q53GQ0,Q53GQ0-2,98,0.16035141332152622,0.003205128205128205
Interface Ablation,GAD1,Q99259,Q99259-3,224,0.9288003360266017,0.13973063973063973
Interface Ablation,SCPEP1,Q9HB40,Q9HB40-2,296,0.1942700591663542,0.09955752212389381
Interface Ablation,FOXRED2,Q8IWF2,Q8IWF2-2,357,0.8538469128724105,0.09941520467836257
Interface Ablation,PEX11G,Q96HA9,Q96HA9-2,171,0.20470702300833546,0.008298755186721992
Interface Ablation,OXCT1,P55809,P55809-2,123,0.20571771551960802,0.07115384615384615
Interface Ablation,NARS2,Q96I59,Q96I59-2,250,0.19095122977486612,0.04612159329140461
Interface Ablation,CTPS1,P17812,P17812-2,360,0.9242391970900344,0.04060913705583756
Interface Ablation,PPCS,Q9HAB8,Q9HAB8-2,138,0.23894641553466153,0.003215434083601286
Interface Ablation,TMEM144,Q7Z5S9,Q7Z5S9-2,169,0.10150041160392614,0.057971014492753624
Interface Ablation,NXT2,Q9NPJ8,Q9NPJ8-4,114,0.42797451417027194,0.014084507042253521
Interface Ablation,ME1,P48163,P48163-2,497,0.7208761927146748,0.005244755244755245
Interface Ablation,YWHAE,P62258,P62258-2,233,0.5352831805616898,0.0392156862745098
Interface Ablation,BCKDHB,P21953,P21953-2,218,0.6585396727274978,0.12755102040816327
Interface Ablation,PHYKPL,Q8IUZ5,Q8IUZ5-2,107,0.6790845642510291,0.0044444444444444444
Interface Ablation,PHYKPL,Q8IUZ5,Q8IUZ5-3,175,0.6790150191158406,0.0044444444444444444
Interface Ablation,QTRT2,Q9H974,Q9H974-2,292,0.2618968802764637,0.06746987951807229
Interface Ablation,RPE,Q96AT9,Q96AT9-5,160,0.4190379288001379,0.0043859649122807015
Interface Ablation,TPI1,P60174,P60174-4,167,0.1478376607038099,0.008032128514056224
Interface Ablation,CNOT7,Q9UIV1,Q9UIV1-2,244,0.1661614150741715,0.0912280701754386
Interface Ablation,CA10,Q9NS85,Q9NS85-2,253,0.5135980844449236,0.13719512195121952
Interface Ablation,MMEL1,Q495T6,Q495T6-2,611,0.9423190217642649,0.07573812580231065
Interface Ablation,UGT1A8,Q9HAW9,Q9HAW9-2,441,0.7985166441119307,0.01509433962264151
Interface Ablation,MDH1,P40925,P40925-2,245,0.8837939452320824,0.0
Interface Ablation,TMEM182,Q6ZP80,Q6ZP80-3,110,0.08381517516200565,0.0
Interface Ablation,TMEM182,Q6ZP80,Q6ZP80-2,133,0.113911631134176,0.0
Interface Ablation,PUSL1,Q8N0Z8,Q8N0Z8-2,142,0.8866707450989504,0.07260726072607261
Interface Ablation,FGGY,Q96C11,Q96C11-2,246,0.12609185969815223,0.010889292196007259
Interface Ablation,AMD1,P17707,P17707-2,186,0.3329641470936625,0.011976047904191617
Interface Ablation,PAFAH1B2,P68402,P68402-3,132,0.2349734789169926,0.043668122270742356
Interface Ablation,IAH1,Q2TAA2,Q2TAA2-2,135,0.11636721876102295,0.024193548387096774
Interface Ablation,SLC12A9,Q9BXP2,Q9BXP2-3,627,0.3269496041161931,0.09846827133479212
Interface Ablation,SLC12A9,Q9BXP2,Q9BXP2-4,631,0.3269496041161931,0.09846827133479212
Interface Ablation,SLC26A5,P58743,P58743-3,516,0.6155084993126675,0.0793010752688172
Interface Ablation,PADI2,Q9Y2J8,Q9Y2J8-2,437,0.43887467765697985,0.0
Interface Ablation,GSTT1,P30711,P30711-2,122,0.17607044259337395,0.0
Interface Ablation,UGT2B4,P06133,P06133-3,369,0.20695864169204772,0.003787878787878788
Interface Ablation,PDCD6,O75340,O75340-3,69,0.9704166806294874,0.05235602094240838
Interface Ablation,TMEM164,Q5U3C3,Q5U3C3-2,148,0.04440197741313687,0.06060606060606061
Interface Ablation,MTHFD2L,Q9H903-1,Q9H903-2,70,1.0,0.13544668587896252
Interface Ablation,NXPE4,Q6UWF7,Q6UWF7-2,260,0.7636444715341689,0.058823529411764705
Interface Ablation,CRYZL1,O95825,O95825-2,198,0.22353110648800623,0.011461318051575931
Interface Ablation,PDPR,Q8NCN5,Q8NCN5-2,224,0.48598940156665016,0.06029579067121729
Interface Ablation,PDXK,O00764,O00764-3,239,0.47391049483230746,0.003205128205128205
Interface Ablation,UGT1A10,Q9HAW8,Q9HAW8-2,441,0.7985166441119307,0.016981132075471698
Interface Ablation,THAP12,O43422,O43422-2,492,0.9559895923559706,0.09198423127463863
Interface Ablation,CYB561,P49447,P49447-2,138,0.06253664431601114,0.027888446215139442
Interface Ablation,EPM2A,O95278,O95278-6,88,0.14947387862778652,0.012084592145015106
Interface Ablation,HDDC2,Q7Z4H3,Q7Z4H3-3,71,0.17563662294451554,0.03431372549019608
Interface Ablation,NAALADL1,Q9UQQ1,Q9UQQ1-8,635,0.8659109811599012,0.012162162162162163
Interface Ablation,NAALADL1,Q9UQQ1,Q9UQQ1-7,579,0.8659109811599012,0.012162162162162163
Interface Ablation,NAALADL1,Q9UQQ1,Q9UQQ1-5,522,0.8659109811599012,0.012162162162162163
Interface Ablation,HPGD,P15428,P15428-3,145,0.21250407073009342,0.0
Interface Ablation,UGT2B28,Q9BY64,Q9BY64-2,335,0.1504425987943671,0.00945179584120983
Interface Ablation,UGT1A6,P19224,P19224-2,265,0.7373046877857815,0.02819548872180451
Interface Ablation,UGT1A6,P19224,P19224-3,443,0.7985166441119307,0.02819548872180451
Interface Ablation,EXOG,Q9Y2C4,Q9Y2C4-3,228,0.6541666918384947,0.14945652173913043
